type,size,unit,numAccesses,run1,run2,run3,run4,run5,run6,run7,run8,run9,run10
kernelCopy,128,MB,2,0.003200,0.002592,0.002560,0.002560,0.002560,0.002560,0.002528,0.002560,0.002592,0.002560
memcpyDtoD,128,MB,2,1.542560,1.546624,1.543520,1.541920,1.542176,1.540736,1.542944,1.541280,1.541280,1.541760
pagedDtoH,128,MB,2,100.505180,13.557280,13.628864,13.905536,13.623616,13.848544,13.616352,13.728224,13.783104,13.718432
pinnedDtoH,128,MB,2,11.680608,11.608160,11.739264,12.016480,11.996864,12.033216,11.740512,12.086304,12.004992,12.327136
unifiedMemcpy,128,MB,2,18.262560,18.268831,18.123360,17.547104,18.448736,18.231968,19.074432,18.911808,19.994112,17.838465